SET IDENTITY_INSERT [dbo].[Agresores] ON 

GO
INSERT [dbo].[Agresores] ([IdAgresor], [Nombre], [Apellido], [Apodo], [Ocupacion], [Caracteristicas], [Metodos], [EstaBorrado], [Foto]) VALUES (1, N'Gabriel', N'XXX', N'Portero puto', N'Robo', N'Es puto y pelado', N'Paciencia infinita', 0, NULL)
GO
INSERT [dbo].[Agresores] ([IdAgresor], [Nombre], [Apellido], [Apodo], [Ocupacion], [Caracteristicas], [Metodos], [EstaBorrado], [Foto]) VALUES (2, N'DIRECCIONES', N'PRUEBA', N'Pepe', N'Afilador de cuchillos', N'Cara de hijo de re mil puta', N'Te engaña haciendote pagar el triple', 1, 0x)
GO
INSERT [dbo].[Agresores] ([IdAgresor], [Nombre], [Apellido], [Apodo], [Ocupacion], [Caracteristicas], [Metodos], [EstaBorrado], [Foto]) VALUES (3, N'Pedrito LOCO', N'Perez', N'', N'Vendedor de motos', N'Se la banca hasta las ultimas', N'Te garca con el 08', 0, 0x)
GO
INSERT [dbo].[Agresores] ([IdAgresor], [Nombre], [Apellido], [Apodo], [Ocupacion], [Caracteristicas], [Metodos], [EstaBorrado], [Foto]) VALUES (4, N'carcho', N'tulumba', N'Viejo verde', N'Desconocida', N'Cara de hijo de puta', N'lalala', 0, NULL)
GO
INSERT [dbo].[Agresores] ([IdAgresor], [Nombre], [Apellido], [Apodo], [Ocupacion], [Caracteristicas], [Metodos], [EstaBorrado], [Foto]) VALUES (5, N'Carlos', N'', N'', N'Afilador de cuchillos', N'sdadsasdasda', N'asdasd', 1, NULL)
GO
INSERT [dbo].[Agresores] ([IdAgresor], [Nombre], [Apellido], [Apodo], [Ocupacion], [Caracteristicas], [Metodos], [EstaBorrado], [Foto]) VALUES (6, N'Mander', N'', N'', N'Taca', N'Cara de hijo de puta', N'aaa', 0, NULL)
GO
INSERT [dbo].[Agresores] ([IdAgresor], [Nombre], [Apellido], [Apodo], [Ocupacion], [Caracteristicas], [Metodos], [EstaBorrado], [Foto]) VALUES (7, N'sadsad', N'', N'', N'ddd', N'ddd', N'ddda', 0, NULL)
GO
INSERT [dbo].[Agresores] ([IdAgresor], [Nombre], [Apellido], [Apodo], [Ocupacion], [Caracteristicas], [Metodos], [EstaBorrado], [Foto]) VALUES (1004, N'f', N'', N'', N'd', N'd', N'd', 1, NULL)
GO
INSERT [dbo].[Agresores] ([IdAgresor], [Nombre], [Apellido], [Apodo], [Ocupacion], [Caracteristicas], [Metodos], [EstaBorrado], [Foto]) VALUES (1005, N'sd', N'', N'', N'asd', N'asd', N'as', 0, NULL)
GO
INSERT [dbo].[Agresores] ([IdAgresor], [Nombre], [Apellido], [Apodo], [Ocupacion], [Caracteristicas], [Metodos], [EstaBorrado], [Foto]) VALUES (1006, N'asd', N'asd', N'asd', N'asd', N'asd', N'asd', 1, NULL)
GO
INSERT [dbo].[Agresores] ([IdAgresor], [Nombre], [Apellido], [Apodo], [Ocupacion], [Caracteristicas], [Metodos], [EstaBorrado], [Foto]) VALUES (1007, N'sdf', N'', N'', N'sdf', N'sdf', N'sdf', 0, NULL)
GO
INSERT [dbo].[Agresores] ([IdAgresor], [Nombre], [Apellido], [Apodo], [Ocupacion], [Caracteristicas], [Metodos], [EstaBorrado], [Foto]) VALUES (1008, N'hola', N'aa', N'asds', N'asd', N'asd', N'ssss', 0, NULL)
GO
INSERT [dbo].[Agresores] ([IdAgresor], [Nombre], [Apellido], [Apodo], [Ocupacion], [Caracteristicas], [Metodos], [EstaBorrado], [Foto]) VALUES (1009, N'Jeremías Iair', N'Martínez Ullán Carranza', N'', N'Super califragi listiquisi califroso', N'Huesa huesa', N'pizza birra faso', 0, NULL)
GO
INSERT [dbo].[Agresores] ([IdAgresor], [Nombre], [Apellido], [Apodo], [Ocupacion], [Caracteristicas], [Metodos], [EstaBorrado], [Foto]) VALUES (2004, N'Marcela', N'Carranza', N'Marce', N'Cruzar jueguitos', N'Hace jabones con fieltro', N'Te conquista con la comida y buena atencion. Una vez que estas en sus manos te manipula para que arregles las cosas de la casa y la acompañes a hacer compras de frutas y verduras en la loma del pepino.', 0, NULL)
GO
INSERT [dbo].[Agresores] ([IdAgresor], [Nombre], [Apellido], [Apodo], [Ocupacion], [Caracteristicas], [Metodos], [EstaBorrado], [Foto]) VALUES (3004, N'oo', N'pp', N'ii', N'ñlñl', N'ñlñ', N'ñkñ', 0, NULL)
GO
INSERT [dbo].[Agresores] ([IdAgresor], [Nombre], [Apellido], [Apodo], [Ocupacion], [Caracteristicas], [Metodos], [EstaBorrado], [Foto]) VALUES (3005, N'pepe', N'sultanp', N'aaa', N'lala', N'asdasdl', N'asdasd', 0, NULL)
GO
INSERT [dbo].[Agresores] ([IdAgresor], [Nombre], [Apellido], [Apodo], [Ocupacion], [Caracteristicas], [Metodos], [EstaBorrado], [Foto]) VALUES (3006, N'mvc', N'mcv', N'mvc', N'mvc', N'mvc', N'mvc', 1, NULL)
GO
INSERT [dbo].[Agresores] ([IdAgresor], [Nombre], [Apellido], [Apodo], [Ocupacion], [Caracteristicas], [Metodos], [EstaBorrado], [Foto]) VALUES (3007, N'Belen', N'Ruftel', N'Lube', N'sadas', N'jkasjdjk', N'kjasjdkasdj', 1, NULL)
GO
INSERT [dbo].[Agresores] ([IdAgresor], [Nombre], [Apellido], [Apodo], [Ocupacion], [Caracteristicas], [Metodos], [EstaBorrado], [Foto]) VALUES (3008, N'Beatriz222', N'Dass', N'asdj', N'sdfkjsdfkj', N'kjsdkjsdfkj', N'kjsdkjsdf', 0, NULL)
GO
INSERT [dbo].[Agresores] ([IdAgresor], [Nombre], [Apellido], [Apodo], [Ocupacion], [Caracteristicas], [Metodos], [EstaBorrado], [Foto]) VALUES (3009, N'Bruno', N'Bartolomeo', N'sjdf', N'kjsdfjksdfjk', N'sdfkjsdfkj', N'kjfdgjk', 0, NULL)
GO
INSERT [dbo].[Agresores] ([IdAgresor], [Nombre], [Apellido], [Apodo], [Ocupacion], [Caracteristicas], [Metodos], [EstaBorrado], [Foto]) VALUES (3010, N'Bart', N'sdfjsdf', N'sdfjk', N'jksdkj', N'jkf', N'kjsdj', 0, NULL)
GO
INSERT [dbo].[Agresores] ([IdAgresor], [Nombre], [Apellido], [Apodo], [Ocupacion], [Caracteristicas], [Metodos], [EstaBorrado], [Foto]) VALUES (3011, N'Beltru', N'Prot', N'Be', N'sdfkj', N'kjsdfkj', N'sskj', 0, NULL)
GO
INSERT [dbo].[Agresores] ([IdAgresor], [Nombre], [Apellido], [Apodo], [Ocupacion], [Caracteristicas], [Metodos], [EstaBorrado], [Foto]) VALUES (3012, N'Blanca', N'sdk', N'sdfj', N'sdfkj', N'sdfkj', N'asdkj', 0, NULL)
GO
INSERT [dbo].[Agresores] ([IdAgresor], [Nombre], [Apellido], [Apodo], [Ocupacion], [Caracteristicas], [Metodos], [EstaBorrado], [Foto]) VALUES (3013, N'Batman', N'sdjfk', N'sdfkj', N'jdfjk', N'jsdfjk', N'jsdfj', 0, NULL)
GO
INSERT [dbo].[Agresores] ([IdAgresor], [Nombre], [Apellido], [Apodo], [Ocupacion], [Caracteristicas], [Metodos], [EstaBorrado], [Foto]) VALUES (3014, N'Bill', N'sdfjk', N'kjsdfjk', N'jksdfjjk', N'sdfjkdskj', N'jksdfkj', 0, NULL)
GO
INSERT [dbo].[Agresores] ([IdAgresor], [Nombre], [Apellido], [Apodo], [Ocupacion], [Caracteristicas], [Metodos], [EstaBorrado], [Foto]) VALUES (3015, N'Burn', N'dkj', N'kjsdf', N'jksdfjk', N'kjsdfjk', N'jksdfjkd', 0, NULL)
GO
INSERT [dbo].[Agresores] ([IdAgresor], [Nombre], [Apellido], [Apodo], [Ocupacion], [Caracteristicas], [Metodos], [EstaBorrado], [Foto]) VALUES (3016, N'Boris', N'sdkfkj', N'kjsdfkj', N'kjsdfjk', N'ksdfkj', N'sdkjjk', 0, NULL)
GO
INSERT [dbo].[Agresores] ([IdAgresor], [Nombre], [Apellido], [Apodo], [Ocupacion], [Caracteristicas], [Metodos], [EstaBorrado], [Foto]) VALUES (3017, N'Asereje', N'asdkj', N'asdjksd', N'sdfjk', N'sdfkjsd', N'kjsdfsd', 0, NULL)
GO
INSERT [dbo].[Agresores] ([IdAgresor], [Nombre], [Apellido], [Apodo], [Ocupacion], [Caracteristicas], [Metodos], [EstaBorrado], [Foto]) VALUES (3018, N'qwqw', N'asas', N'zx', N'zxzx', N'xcxc', N'dgfgdh', 0, NULL)
GO
INSERT [dbo].[Agresores] ([IdAgresor], [Nombre], [Apellido], [Apodo], [Ocupacion], [Caracteristicas], [Metodos], [EstaBorrado], [Foto]) VALUES (3019, N'Lucrecio', N'Perez', N'El maton', N'Asesino', N'Petiso y mal vestido', N'te agarra la cabeza y te hace una fataliti', 0, NULL)
GO
INSERT [dbo].[Agresores] ([IdAgresor], [Nombre], [Apellido], [Apodo], [Ocupacion], [Caracteristicas], [Metodos], [EstaBorrado], [Foto]) VALUES (3020, N'Ramon', N'Frolo', N'Ñoqui', N'Maton', N'Alto y loco', N'Patada loca', 0, NULL)
GO
INSERT [dbo].[Agresores] ([IdAgresor], [Nombre], [Apellido], [Apodo], [Ocupacion], [Caracteristicas], [Metodos], [EstaBorrado], [Foto]) VALUES (3021, N's', N's', N'ford', N'asfasd', N'fsasd', N'safasd', 0, NULL)
GO
INSERT [dbo].[Agresores] ([IdAgresor], [Nombre], [Apellido], [Apodo], [Ocupacion], [Caracteristicas], [Metodos], [EstaBorrado], [Foto]) VALUES (3022, N'gg', N'gg', N'Dardito', N'assad', N'asfasd', N'asf', 0, NULL)
GO
INSERT [dbo].[Agresores] ([IdAgresor], [Nombre], [Apellido], [Apodo], [Ocupacion], [Caracteristicas], [Metodos], [EstaBorrado], [Foto]) VALUES (3023, N'Gabriela', N'Azul', N'La guanaca', N'sgsf', N'asd', N'asdf', 0, NULL)
GO
INSERT [dbo].[Agresores] ([IdAgresor], [Nombre], [Apellido], [Apodo], [Ocupacion], [Caracteristicas], [Metodos], [EstaBorrado], [Foto]) VALUES (3024, N'd', N'fd', N'fd', N'sad', N'sad', N'sad', 0, NULL)
GO
INSERT [dbo].[Agresores] ([IdAgresor], [Nombre], [Apellido], [Apodo], [Ocupacion], [Caracteristicas], [Metodos], [EstaBorrado], [Foto]) VALUES (3025, N'a', N'd', N'a', N'g', N'g', N'g', 0, NULL)
GO
SET IDENTITY_INSERT [dbo].[Agresores] OFF
GO
SET IDENTITY_INSERT [dbo].[Localidades] ON 

GO
INSERT [dbo].[Localidades] ([IdLocalidad], [Nombre], [CodigoArea]) VALUES (1, N'Ushuaia', N'02901')
GO
INSERT [dbo].[Localidades] ([IdLocalidad], [Nombre], [CodigoArea]) VALUES (2, N'Córdoba', N'0351')
GO
INSERT [dbo].[Localidades] ([IdLocalidad], [Nombre], [CodigoArea]) VALUES (3, N'La Rioja', N'03822')
GO
SET IDENTITY_INSERT [dbo].[Localidades] OFF
GO
SET IDENTITY_INSERT [dbo].[AgresoresDirecciones] ON 

GO
INSERT [dbo].[AgresoresDirecciones] ([IdAgresorDireccion], [IdAgresor], [IdLocalidad], [IdTipoDireccion], [Calle], [Numero], [Departamento], [Piso]) VALUES (4082, 6, 2, 2, N'Suecia', N'900', N'6', N'3')
GO
INSERT [dbo].[AgresoresDirecciones] ([IdAgresorDireccion], [IdAgresor], [IdLocalidad], [IdTipoDireccion], [Calle], [Numero], [Departamento], [Piso]) VALUES (4083, 6, 2, 2, N'Suecia', N'900', N'8', N'7')
GO
INSERT [dbo].[AgresoresDirecciones] ([IdAgresorDireccion], [IdAgresor], [IdLocalidad], [IdTipoDireccion], [Calle], [Numero], [Departamento], [Piso]) VALUES (5230, 1006, 2, 1, N'lacaye', N'82', N'', N'')
GO
INSERT [dbo].[AgresoresDirecciones] ([IdAgresorDireccion], [IdAgresor], [IdLocalidad], [IdTipoDireccion], [Calle], [Numero], [Departamento], [Piso]) VALUES (5231, 1009, 2, 2, N'Belgrano', N'275', N'A', N'1')
GO
INSERT [dbo].[AgresoresDirecciones] ([IdAgresorDireccion], [IdAgresor], [IdLocalidad], [IdTipoDireccion], [Calle], [Numero], [Departamento], [Piso]) VALUES (5232, 1009, 2, 2, N'Belgrano', N'275', N'A', N'1')
GO
INSERT [dbo].[AgresoresDirecciones] ([IdAgresorDireccion], [IdAgresor], [IdLocalidad], [IdTipoDireccion], [Calle], [Numero], [Departamento], [Piso]) VALUES (5233, 1009, 1, 1, N'Gobernador Gomez', N'1055', N'', N'')
GO
INSERT [dbo].[AgresoresDirecciones] ([IdAgresorDireccion], [IdAgresor], [IdLocalidad], [IdTipoDireccion], [Calle], [Numero], [Departamento], [Piso]) VALUES (5234, 2004, 2, 1, N'SE VE', N'1231', N'', N'')
GO
INSERT [dbo].[AgresoresDirecciones] ([IdAgresorDireccion], [IdAgresor], [IdLocalidad], [IdTipoDireccion], [Calle], [Numero], [Departamento], [Piso]) VALUES (5236, 3011, 3, 2, N'Sultrano', N'3000', N'H', N'70')
GO
INSERT [dbo].[AgresoresDirecciones] ([IdAgresorDireccion], [IdAgresor], [IdLocalidad], [IdTipoDireccion], [Calle], [Numero], [Departamento], [Piso]) VALUES (5237, 4, 2, 2, N'Suecia', N'900', N'34', N'4')
GO
INSERT [dbo].[AgresoresDirecciones] ([IdAgresorDireccion], [IdAgresor], [IdLocalidad], [IdTipoDireccion], [Calle], [Numero], [Departamento], [Piso]) VALUES (5238, 4, 2, 2, N'Suecia', N'900', N'4', N'7')
GO
INSERT [dbo].[AgresoresDirecciones] ([IdAgresorDireccion], [IdAgresor], [IdLocalidad], [IdTipoDireccion], [Calle], [Numero], [Departamento], [Piso]) VALUES (5239, 4, 2, 2, N'Suecia', N'900', N'56', N'6')
GO
INSERT [dbo].[AgresoresDirecciones] ([IdAgresorDireccion], [IdAgresor], [IdLocalidad], [IdTipoDireccion], [Calle], [Numero], [Departamento], [Piso]) VALUES (5240, 4, 2, 2, N'Suecia', N'900', N'3', N'5')
GO
INSERT [dbo].[AgresoresDirecciones] ([IdAgresorDireccion], [IdAgresor], [IdLocalidad], [IdTipoDireccion], [Calle], [Numero], [Departamento], [Piso]) VALUES (5241, 4, 2, 2, N'Suecia', N'900', N'6', N'4')
GO
INSERT [dbo].[AgresoresDirecciones] ([IdAgresorDireccion], [IdAgresor], [IdLocalidad], [IdTipoDireccion], [Calle], [Numero], [Departamento], [Piso]) VALUES (5242, 4, 2, 2, N'Suecia', N'900', N'7', N'6')
GO
INSERT [dbo].[AgresoresDirecciones] ([IdAgresorDireccion], [IdAgresor], [IdLocalidad], [IdTipoDireccion], [Calle], [Numero], [Departamento], [Piso]) VALUES (5243, 4, 2, 2, N'Suecia', N'900', N'8', N'4')
GO
INSERT [dbo].[AgresoresDirecciones] ([IdAgresorDireccion], [IdAgresor], [IdLocalidad], [IdTipoDireccion], [Calle], [Numero], [Departamento], [Piso]) VALUES (5244, 4, 2, 2, N'Suecia', N'900', N'5', N'7')
GO
INSERT [dbo].[AgresoresDirecciones] ([IdAgresorDireccion], [IdAgresor], [IdLocalidad], [IdTipoDireccion], [Calle], [Numero], [Departamento], [Piso]) VALUES (5245, 4, 2, 2, N'Suecia', N'900', N'5', N'4')
GO
INSERT [dbo].[AgresoresDirecciones] ([IdAgresorDireccion], [IdAgresor], [IdLocalidad], [IdTipoDireccion], [Calle], [Numero], [Departamento], [Piso]) VALUES (5246, 4, 2, 2, N'Suecia', N'900', N'8', N'8')
GO
SET IDENTITY_INSERT [dbo].[AgresoresDirecciones] OFF
GO
SET IDENTITY_INSERT [dbo].[AgresoresTelefonos] ON 

GO
INSERT [dbo].[AgresoresTelefonos] ([IdAgresorTelefono], [IdAgresor], [IdTipoTelefono], [IdLocalidad], [Numero]) VALUES (8, 1008, 2, 2, N'464454')
GO
INSERT [dbo].[AgresoresTelefonos] ([IdAgresorTelefono], [IdAgresor], [IdTipoTelefono], [IdLocalidad], [Numero]) VALUES (1004, 7, 1, 3, N'44624754')
GO
INSERT [dbo].[AgresoresTelefonos] ([IdAgresorTelefono], [IdAgresor], [IdTipoTelefono], [IdLocalidad], [Numero]) VALUES (2018, 5, 1, 1, N'232323')
GO
INSERT [dbo].[AgresoresTelefonos] ([IdAgresorTelefono], [IdAgresor], [IdTipoTelefono], [IdLocalidad], [Numero]) VALUES (2019, 5, 3, 3, N'1232')
GO
INSERT [dbo].[AgresoresTelefonos] ([IdAgresorTelefono], [IdAgresor], [IdTipoTelefono], [IdLocalidad], [Numero]) VALUES (2466, 3, 2, 2, N'67')
GO
INSERT [dbo].[AgresoresTelefonos] ([IdAgresorTelefono], [IdAgresor], [IdTipoTelefono], [IdLocalidad], [Numero]) VALUES (2468, 6, 2, 3, N'jkkjkj')
GO
INSERT [dbo].[AgresoresTelefonos] ([IdAgresorTelefono], [IdAgresor], [IdTipoTelefono], [IdLocalidad], [Numero]) VALUES (3483, 1006, 5, 1, N'123')
GO
INSERT [dbo].[AgresoresTelefonos] ([IdAgresorTelefono], [IdAgresor], [IdTipoTelefono], [IdLocalidad], [Numero]) VALUES (3484, 1009, 2, 2, N'adasd')
GO
INSERT [dbo].[AgresoresTelefonos] ([IdAgresorTelefono], [IdAgresor], [IdTipoTelefono], [IdLocalidad], [Numero]) VALUES (3485, 2004, 2, 2, N'SE VE')
GO
INSERT [dbo].[AgresoresTelefonos] ([IdAgresorTelefono], [IdAgresor], [IdTipoTelefono], [IdLocalidad], [Numero]) VALUES (3486, 4, 2, 2, N'23333333')
GO
SET IDENTITY_INSERT [dbo].[AgresoresTelefonos] OFF
GO
SET IDENTITY_INSERT [dbo].[AgresoresRedesSociales] ON 

GO
INSERT [dbo].[AgresoresRedesSociales] ([IdAgresorRedSocial], [IdAgresor], [IdTipoRedSocial], [Nombre]) VALUES (1003, 7, 18, N'gaaaas')
GO
INSERT [dbo].[AgresoresRedesSociales] ([IdAgresorRedSocial], [IdAgresor], [IdTipoRedSocial], [Nombre]) VALUES (2013, 5, 9, N'dfg')
GO
INSERT [dbo].[AgresoresRedesSociales] ([IdAgresorRedSocial], [IdAgresor], [IdTipoRedSocial], [Nombre]) VALUES (2014, 5, 18, N'jaja')
GO
INSERT [dbo].[AgresoresRedesSociales] ([IdAgresorRedSocial], [IdAgresor], [IdTipoRedSocial], [Nombre]) VALUES (2015, 5, 18, N'rwer')
GO
INSERT [dbo].[AgresoresRedesSociales] ([IdAgresorRedSocial], [IdAgresor], [IdTipoRedSocial], [Nombre]) VALUES (3346, 3, 8, N'435345')
GO
INSERT [dbo].[AgresoresRedesSociales] ([IdAgresorRedSocial], [IdAgresor], [IdTipoRedSocial], [Nombre]) VALUES (3351, 6, 23, N'kkk')
GO
INSERT [dbo].[AgresoresRedesSociales] ([IdAgresorRedSocial], [IdAgresor], [IdTipoRedSocial], [Nombre]) VALUES (4368, 1006, 14, N'pp')
GO
INSERT [dbo].[AgresoresRedesSociales] ([IdAgresorRedSocial], [IdAgresor], [IdTipoRedSocial], [Nombre]) VALUES (4369, 1009, 6, N'pepe')
GO
INSERT [dbo].[AgresoresRedesSociales] ([IdAgresorRedSocial], [IdAgresor], [IdTipoRedSocial], [Nombre]) VALUES (4370, 2004, 18, N'SE VE')
GO
INSERT [dbo].[AgresoresRedesSociales] ([IdAgresorRedSocial], [IdAgresor], [IdTipoRedSocial], [Nombre]) VALUES (4371, 3011, 5, N'/locura')
GO
INSERT [dbo].[AgresoresRedesSociales] ([IdAgresorRedSocial], [IdAgresor], [IdTipoRedSocial], [Nombre]) VALUES (4372, 4, 6, N'carcho')
GO
SET IDENTITY_INSERT [dbo].[AgresoresRedesSociales] OFF
GO
SET IDENTITY_INSERT [dbo].[Victimas] ON 

GO
INSERT [dbo].[Victimas] ([IdVictima], [Nombre], [Apellido], [Apodo], [Clave], [EstaBorrado]) VALUES (1, N'Jonas', N'Martinez', N'apodo', N'123', 0)
GO
INSERT [dbo].[Victimas] ([IdVictima], [Nombre], [Apellido], [Apodo], [Clave], [EstaBorrado]) VALUES (2, N'Jeremias', N'Martinez', N'jere', N'123', 1)
GO
INSERT [dbo].[Victimas] ([IdVictima], [Nombre], [Apellido], [Apodo], [Clave], [EstaBorrado]) VALUES (3, N'Nicolas', N'Martinez', N'Nico', N'123', 0)
GO
INSERT [dbo].[Victimas] ([IdVictima], [Nombre], [Apellido], [Apodo], [Clave], [EstaBorrado]) VALUES (4, N'Marcela', N'Carranza', N'Marchu', N'123', 1)
GO
INSERT [dbo].[Victimas] ([IdVictima], [Nombre], [Apellido], [Apodo], [Clave], [EstaBorrado]) VALUES (5, N'Pepe', N'Pepe', N'Pepe', N'Pepe', 0)
GO
INSERT [dbo].[Victimas] ([IdVictima], [Nombre], [Apellido], [Apodo], [Clave], [EstaBorrado]) VALUES (6, N'Susano', N'Ral', N'SuRal', N'123', 0)
GO
INSERT [dbo].[Victimas] ([IdVictima], [Nombre], [Apellido], [Apodo], [Clave], [EstaBorrado]) VALUES (7, N'a EDITADO', N'b', N'c', N'11', 1)
GO
INSERT [dbo].[Victimas] ([IdVictima], [Nombre], [Apellido], [Apodo], [Clave], [EstaBorrado]) VALUES (1005, N'Roberto', N'Mengues', N'Rm', N'123456', 0)
GO
INSERT [dbo].[Victimas] ([IdVictima], [Nombre], [Apellido], [Apodo], [Clave], [EstaBorrado]) VALUES (2005, N'ujiuuiuiui', N'Gallo', N'Elux', N'asd', 1)
GO
INSERT [dbo].[Victimas] ([IdVictima], [Nombre], [Apellido], [Apodo], [Clave], [EstaBorrado]) VALUES (2006, N'Carlos', N'dfgdfdffdg', N'dfgdfg', N'dfg', 1)
GO
INSERT [dbo].[Victimas] ([IdVictima], [Nombre], [Apellido], [Apodo], [Clave], [EstaBorrado]) VALUES (3005, N'Lalo turrix', N'ALbr', N'L', N'4443', 1)
GO
INSERT [dbo].[Victimas] ([IdVictima], [Nombre], [Apellido], [Apodo], [Clave], [EstaBorrado]) VALUES (3006, N'Jose EDITADO', N'Norber', N'J', N'6634', 0)
GO
INSERT [dbo].[Victimas] ([IdVictima], [Nombre], [Apellido], [Apodo], [Clave], [EstaBorrado]) VALUES (4005, N'ii', N'aa', N'gfg', N'n', 1)
GO
INSERT [dbo].[Victimas] ([IdVictima], [Nombre], [Apellido], [Apodo], [Clave], [EstaBorrado]) VALUES (4006, N'PruebaVictima NOMBRE', N'PruebaVictima APELLIDO', N'PruebaVictima APODO', N'PruebaVictima CLAVE', 1)
GO
INSERT [dbo].[Victimas] ([IdVictima], [Nombre], [Apellido], [Apodo], [Clave], [EstaBorrado]) VALUES (4007, N'nombre', N'apellido', N'apodo', N'123456', 0)
GO
INSERT [dbo].[Victimas] ([IdVictima], [Nombre], [Apellido], [Apodo], [Clave], [EstaBorrado]) VALUES (4008, N'Borrame', N'Ya', N'chau', N'jajaja2', 1)
GO
INSERT [dbo].[Victimas] ([IdVictima], [Nombre], [Apellido], [Apodo], [Clave], [EstaBorrado]) VALUES (4009, N'Nombre jaja', N'Apellido jaja', N'Apodo jaja', N'123456', 1)
GO
INSERT [dbo].[Victimas] ([IdVictima], [Nombre], [Apellido], [Apodo], [Clave], [EstaBorrado]) VALUES (4010, N'Pepito', N'Ito', N'Pep', N'123', 1)
GO
INSERT [dbo].[Victimas] ([IdVictima], [Nombre], [Apellido], [Apodo], [Clave], [EstaBorrado]) VALUES (4011, N'Pepito', N'Ito', N'Pep', N'123', 0)
GO
INSERT [dbo].[Victimas] ([IdVictima], [Nombre], [Apellido], [Apodo], [Clave], [EstaBorrado]) VALUES (4012, N'Nuevito', N'prueba', N'desde MVC', N'123', 1)
GO
INSERT [dbo].[Victimas] ([IdVictima], [Nombre], [Apellido], [Apodo], [Clave], [EstaBorrado]) VALUES (4013, N'Nuevito', N'prueba', N'desde MVC', N'123', 1)
GO
INSERT [dbo].[Victimas] ([IdVictima], [Nombre], [Apellido], [Apodo], [Clave], [EstaBorrado]) VALUES (4014, N'lalala', N'123', N'2323235', N'34234', 1)
GO
INSERT [dbo].[Victimas] ([IdVictima], [Nombre], [Apellido], [Apodo], [Clave], [EstaBorrado]) VALUES (4016, N'Belen', N'ssdf', N'msdf', N'nsd', 0)
GO
INSERT [dbo].[Victimas] ([IdVictima], [Nombre], [Apellido], [Apodo], [Clave], [EstaBorrado]) VALUES (4017, N'Bruno', N'asd', N'sdkjsdf', N'sdfkjsd', 0)
GO
INSERT [dbo].[Victimas] ([IdVictima], [Nombre], [Apellido], [Apodo], [Clave], [EstaBorrado]) VALUES (4018, N'Blanca', N'sdfsd', N'kjsdfkj', N'jksdfkj', 0)
GO
INSERT [dbo].[Victimas] ([IdVictima], [Nombre], [Apellido], [Apodo], [Clave], [EstaBorrado]) VALUES (4019, N'Burt', N'sdf', N'dsfjk', N'kjdfg', 0)
GO
INSERT [dbo].[Victimas] ([IdVictima], [Nombre], [Apellido], [Apodo], [Clave], [EstaBorrado]) VALUES (4020, N'Boris ADITADO', N'sdfjk', N'dfgkj', N'dfgkj', 0)
GO
INSERT [dbo].[Victimas] ([IdVictima], [Nombre], [Apellido], [Apodo], [Clave], [EstaBorrado]) VALUES (4021, N'Beatriz', N'sdfkj', N'dfkj', N'dfgkj', 0)
GO
INSERT [dbo].[Victimas] ([IdVictima], [Nombre], [Apellido], [Apodo], [Clave], [EstaBorrado]) VALUES (4022, N'Berenice22', N'sdfj', N'skjdf', N'sdfjk', 1)
GO
INSERT [dbo].[Victimas] ([IdVictima], [Nombre], [Apellido], [Apodo], [Clave], [EstaBorrado]) VALUES (4023, N'Buxi', N'sdfkj', N'jsdfjk', N'sdfjk', 0)
GO
INSERT [dbo].[Victimas] ([IdVictima], [Nombre], [Apellido], [Apodo], [Clave], [EstaBorrado]) VALUES (4024, N'Baba', N'asd', N'sjksdfk', N'sdkjfsdf', 1)
GO
INSERT [dbo].[Victimas] ([IdVictima], [Nombre], [Apellido], [Apodo], [Clave], [EstaBorrado]) VALUES (4025, N'Berte', N'sdfsk', N'sdfsdk', N'sdfs', 1)
GO
INSERT [dbo].[Victimas] ([IdVictima], [Nombre], [Apellido], [Apodo], [Clave], [EstaBorrado]) VALUES (4026, N'Bebe', N'sdfjksd', N'sdfkjsd', N'sdfkjs', 1)
GO
INSERT [dbo].[Victimas] ([IdVictima], [Nombre], [Apellido], [Apodo], [Clave], [EstaBorrado]) VALUES (4027, N'Batmitan', N'sdfkj', N'sdfjk', N'df', 1)
GO
INSERT [dbo].[Victimas] ([IdVictima], [Nombre], [Apellido], [Apodo], [Clave], [EstaBorrado]) VALUES (4028, N'Juan', N'Palotes', N'j', N'123', 0)
GO
INSERT [dbo].[Victimas] ([IdVictima], [Nombre], [Apellido], [Apodo], [Clave], [EstaBorrado]) VALUES (4029, N'Adolfo2', N'Cristaldo', N'AC', N'ac123', 1)
GO
INSERT [dbo].[Victimas] ([IdVictima], [Nombre], [Apellido], [Apodo], [Clave], [EstaBorrado]) VALUES (4030, N'Lucia', N'Ferrari', N'Lu', N'123456', 0)
GO
INSERT [dbo].[Victimas] ([IdVictima], [Nombre], [Apellido], [Apodo], [Clave], [EstaBorrado]) VALUES (4031, N'Adrian', N'Curly', N'Curl', N'5534', 1)
GO
INSERT [dbo].[Victimas] ([IdVictima], [Nombre], [Apellido], [Apodo], [Clave], [EstaBorrado]) VALUES (4032, N'Alvar', N'Martinez', N'Alvi', N'66544', 1)
GO
INSERT [dbo].[Victimas] ([IdVictima], [Nombre], [Apellido], [Apodo], [Clave], [EstaBorrado]) VALUES (4033, N'Armando2', N'Paredes', N'Turrix', N'838473', 1)
GO
INSERT [dbo].[Victimas] ([IdVictima], [Nombre], [Apellido], [Apodo], [Clave], [EstaBorrado]) VALUES (4034, N'Carlitox', N'Turrix', N'Calr', N'7834', 0)
GO
INSERT [dbo].[Victimas] ([IdVictima], [Nombre], [Apellido], [Apodo], [Clave], [EstaBorrado]) VALUES (4035, N'chu', N'cvcv', N'cc', N'cvcbcv', 1)
GO
SET IDENTITY_INSERT [dbo].[Victimas] OFF
GO
SET IDENTITY_INSERT [dbo].[Antecedentes] ON 

GO
INSERT [dbo].[Antecedentes] ([IdAntecedente], [IdEstado], [IdVictima], [IdAgresor], [Nombre], [Fecha], [Ubicacion], [Latitud], [Longitud], [Observaciones], [Perjuicios]) VALUES (2006, 1, 4018, 3, N'Robo a mano armada', CAST(N'2016-02-08 00:00:00' AS SmallDateTime), N'Local comercial', 0, 0, N'Ningún herido', N'Perdida de objetos personales, conciencia lastimada')
GO
INSERT [dbo].[Antecedentes] ([IdAntecedente], [IdEstado], [IdVictima], [IdAgresor], [Nombre], [Fecha], [Ubicacion], [Latitud], [Longitud], [Observaciones], [Perjuicios]) VALUES (2007, 1, 4030, 3017, N'Golpe en la cara', CAST(N'2016-01-11 00:00:00' AS SmallDateTime), N'Calle', 0, 0, N'No parece ser verídica del todo la historia ', N'Cara desfigurada, nariz rota, inversión en cirugía plástica')
GO
INSERT [dbo].[Antecedentes] ([IdAntecedente], [IdEstado], [IdVictima], [IdAgresor], [Nombre], [Fecha], [Ubicacion], [Latitud], [Longitud], [Observaciones], [Perjuicios]) VALUES (2008, 1, 6, 4, N'Moto', CAST(N'2016-10-08 00:00:00' AS SmallDateTime), N'Peatonal San Martín', 0, 0, N'Uso indebido de motocicleta. Muchas personas observaron el hecho', N'Moto usada, pagar impuestos y multas extraordinarias, calentura total con vendedor')
GO
INSERT [dbo].[Antecedentes] ([IdAntecedente], [IdEstado], [IdVictima], [IdAgresor], [Nombre], [Fecha], [Ubicacion], [Latitud], [Longitud], [Observaciones], [Perjuicios]) VALUES (2009, 1, 5, 3017, N'Venta de piano', CAST(N'2014-06-08 00:00:00' AS SmallDateTime), N'Humberto Primo', 0, 0, N'Se vendió piano defectuoso', N'Perdida de tiempo, perdida de plata, perdida de energías')
GO
INSERT [dbo].[Antecedentes] ([IdAntecedente], [IdEstado], [IdVictima], [IdAgresor], [Nombre], [Fecha], [Ubicacion], [Latitud], [Longitud], [Observaciones], [Perjuicios]) VALUES (2010, 1, 4030, 4, N'Mirada abusiva', CAST(N'2014-10-11 00:00:00' AS SmallDateTime), N'Bicisenda', 0, 0, N'El viejo tenia cara de hijo de re contra re mil puta', N'Mal trato, mirada pervertida')
GO
INSERT [dbo].[Antecedentes] ([IdAntecedente], [IdEstado], [IdVictima], [IdAgresor], [Nombre], [Fecha], [Ubicacion], [Latitud], [Longitud], [Observaciones], [Perjuicios]) VALUES (2011, 1, 4021, 3008, N'pruebita', CAST(N'2016-08-11 00:00:00' AS SmallDateTime), N'xcx', 0, 0, N'dfgdfg', N'dfgd')
GO
INSERT [dbo].[Antecedentes] ([IdAntecedente], [IdEstado], [IdVictima], [IdAgresor], [Nombre], [Fecha], [Ubicacion], [Latitud], [Longitud], [Observaciones], [Perjuicios]) VALUES (2012, 1, 4018, 3011, N'jaja', CAST(N'2016-10-11 00:00:00' AS SmallDateTime), N'asdas', 0, 0, N'fasd', N'asda')
GO
SET IDENTITY_INSERT [dbo].[Antecedentes] OFF
GO
